2021-03-17 11:46:41.231683,mqtt,2,12,12.0
2021-03-17 11:46:41.341618,mqtt,3,12,12.0
2021-03-17 11:46:41.452449,mqtt,4,11,11.666666666666666
2021-03-17 11:46:41.562611,mqtt,5,11,11.5
2021-03-17 11:46:41.671559,mqtt,6,11,11.4
2021-03-17 11:46:41.780413,mqtt,7,10,11.166666666666666
2021-03-17 11:46:41.891818,mqtt,8,12,11.285714285714286
2021-03-17 11:46:42.002011,mqtt,9,11,11.25
2021-03-17 11:46:42.112024,mqtt,10,11,11.222222222222221
2021-03-17 11:46:42.221209,mqtt,11,10,11.1
2021-03-17 11:46:42.331474,mqtt,12,11,11.090909090909092
2021-03-17 11:46:42.441369,mqtt,13,11,11.083333333333334
2021-03-17 11:46:42.550525,mqtt,14,12,11.153846153846153
2021-03-17 11:46:42.660947,mqtt,15,11,11.142857142857142
2021-03-17 11:46:42.770767,mqtt,16,11,11.133333333333333
2021-03-17 11:46:42.880898,mqtt,17,12,11.1875
2021-03-17 11:46:42.990154,mqtt,18,11,11.176470588235293
2021-03-17 11:46:43.099685,mqtt,19,12,11.222222222222221
2021-03-17 11:46:43.209978,mqtt,20,11,11.210526315789474
2021-03-17 11:46:43.318791,mqtt,21,11,11.2
2021-03-17 11:46:43.428243,mqtt,22,11,11.19047619047619
2021-03-17 11:46:43.537555,mqtt,23,12,11.227272727272727
2021-03-17 11:46:43.647476,mqtt,24,11,11.217391304347826
2021-03-17 11:46:43.754745,mqtt,25,9,11.125
2021-03-17 11:46:43.863498,mqtt,26,10,11.08
2021-03-17 11:46:43.973075,mqtt,27,11,11.076923076923077
2021-03-17 11:46:44.083236,mqtt,28,11,11.074074074074074
2021-03-17 11:46:44.193712,mqtt,29,12,11.107142857142858
2021-03-17 11:46:44.302625,mqtt,30,11,11.10344827586207
2021-03-17 11:46:44.411162,mqtt,31,10,11.066666666666666
2021-03-17 11:46:44.520312,mqtt,32,10,11.03225806451613
2021-03-17 11:46:44.629630,mqtt,33,11,11.03125
2021-03-17 11:46:44.739102,mqtt,34,11,11.030303030303031
2021-03-17 11:46:44.850067,mqtt,35,12,11.058823529411764
2021-03-17 11:46:44.959688,mqtt,36,12,11.085714285714285
2021-03-17 11:46:45.069979,mqtt,37,12,11.11111111111111
2021-03-17 11:46:45.179209,mqtt,38,11,11.108108108108109
2021-03-17 11:46:45.288326,mqtt,39,10,11.078947368421053
2021-03-17 11:46:45.398483,mqtt,40,11,11.076923076923077
2021-03-17 11:46:45.509254,mqtt,41,11,11.075
2021-03-17 11:46:45.618262,mqtt,42,11,11.073170731707316
2021-03-17 11:46:45.728412,mqtt,43,11,11.071428571428571
2021-03-17 11:46:45.838740,mqtt,44,12,11.093023255813954
2021-03-17 11:46:45.948498,mqtt,45,10,11.068181818181818
2021-03-17 11:46:46.058489,mqtt,46,11,11.066666666666666
2021-03-17 11:46:46.164018,mqtt,47,7,10.978260869565217
2021-03-17 11:46:46.273043,mqtt,48,11,10.97872340425532
2021-03-17 11:46:46.382292,mqtt,49,11,10.979166666666666
2021-03-17 11:46:46.492268,mqtt,50,11,10.979591836734693
2021-03-17 11:46:46.601933,mqtt,51,10,10.96
2021-03-17 11:46:46.712861,mqtt,52,11,10.96078431372549
2021-03-17 11:46:46.822433,mqtt,53,10,10.942307692307692
2021-03-17 11:46:46.931815,mqtt,54,11,10.943396226415095
2021-03-17 11:46:47.042593,mqtt,55,13,10.981481481481481
2021-03-17 11:46:47.153832,mqtt,56,13,11.018181818181818
2021-03-17 11:46:47.263694,mqtt,57,11,11.017857142857142
2021-03-17 11:46:47.373573,mqtt,58,11,11.017543859649123
2021-03-17 11:46:47.483282,mqtt,59,11,11.017241379310345
2021-03-17 11:46:47.592980,mqtt,60,11,11.016949152542374
2021-03-17 11:46:47.702724,mqtt,61,11,11.016666666666667
2021-03-17 11:46:47.812741,mqtt,62,12,11.032786885245901
2021-03-17 11:46:47.922073,mqtt,63,11,11.03225806451613
2021-03-17 11:46:48.032955,mqtt,64,12,11.047619047619047
2021-03-17 11:46:48.144490,mqtt,65,13,11.078125
2021-03-17 11:46:48.252887,mqtt,66,11,11.076923076923077
2021-03-17 11:46:48.361959,mqtt,67,11,11.075757575757576
2021-03-17 11:46:48.470470,mqtt,68,10,11.059701492537313
2021-03-17 11:46:48.579118,mqtt,69,10,11.044117647058824
2021-03-17 11:46:48.690503,mqtt,70,12,11.057971014492754
2021-03-17 11:46:48.800726,mqtt,71,12,11.071428571428571
2021-03-17 11:46:48.910629,mqtt,72,12,11.084507042253522
2021-03-17 11:46:49.020154,mqtt,73,11,11.083333333333334
2021-03-17 11:46:49.129712,mqtt,74,11,11.082191780821917
2021-03-17 11:46:49.237741,mqtt,75,10,11.067567567567568
2021-03-17 11:46:49.347680,mqtt,76,12,11.08
2021-03-17 11:46:49.460799,mqtt,77,15,11.131578947368421
2021-03-17 11:46:49.570726,mqtt,78,12,11.142857142857142
2021-03-17 11:46:49.679157,mqtt,79,10,11.128205128205128
2021-03-17 11:46:49.789552,mqtt,80,12,11.139240506329115
2021-03-17 11:46:49.899499,mqtt,81,11,11.1375
2021-03-17 11:46:50.009923,mqtt,82,12,11.148148148148149
2021-03-17 11:46:50.119294,mqtt,83,11,11.146341463414634
2021-03-17 11:46:50.228170,mqtt,84,10,11.132530120481928
2021-03-17 11:46:50.336888,mqtt,85,11,11.130952380952381
2021-03-17 11:46:50.446856,mqtt,86,11,11.129411764705882
2021-03-17 11:46:50.557353,mqtt,87,11,11.127906976744185
2021-03-17 11:46:50.667390,mqtt,88,11,11.126436781609195
2021-03-17 11:46:50.776833,mqtt,89,11,11.125
2021-03-17 11:46:50.885907,mqtt,90,11,11.123595505617978
2021-03-17 11:46:50.994749,mqtt,91,11,11.122222222222222
2021-03-17 11:46:51.104571,mqtt,92,11,11.12087912087912
2021-03-17 11:46:51.213565,mqtt,93,11,11.119565217391305
2021-03-17 11:46:51.323448,mqtt,94,10,11.10752688172043
2021-03-17 11:46:51.433554,mqtt,95,12,11.117021276595745
2021-03-17 11:46:51.543757,mqtt,96,12,11.126315789473685
2021-03-17 11:46:51.652708,mqtt,97,11,11.125
2021-03-17 11:46:51.762707,mqtt,98,12,11.1340206185567
2021-03-17 11:46:51.872881,mqtt,99,12,11.142857142857142
2021-03-17 11:46:51.982710,mqtt,100,12,11.151515151515152
2021-03-17 11:46:52.092399,mqtt,101,11,11.15
2021-03-17 11:46:52.202219,mqtt,102,11,11.148514851485148
2021-03-17 11:46:52.310940,mqtt,103,11,11.147058823529411
2021-03-17 11:46:52.420762,mqtt,104,12,11.155339805825243
2021-03-17 11:46:52.530754,mqtt,105,11,11.153846153846153
2021-03-17 11:46:52.640424,mqtt,106,11,11.152380952380952
2021-03-17 11:46:52.751118,mqtt,107,11,11.150943396226415
2021-03-17 11:46:52.861517,mqtt,108,12,11.158878504672897
2021-03-17 11:46:52.967688,mqtt,109,8,11.12962962962963
2021-03-17 11:46:53.077686,mqtt,110,12,11.137614678899082
2021-03-17 11:46:53.186595,mqtt,111,11,11.136363636363637
2021-03-17 11:46:53.295762,mqtt,112,11,11.135135135135135
2021-03-17 11:46:53.405383,mqtt,113,11,11.133928571428571
2021-03-17 11:46:53.514269,mqtt,114,10,11.123893805309734
2021-03-17 11:46:53.624441,mqtt,115,11,11.12280701754386
2021-03-17 11:46:53.734695,mqtt,116,12,11.130434782608695
2021-03-17 11:46:53.840108,mqtt,117,7,11.094827586206897
2021-03-17 11:46:53.948882,mqtt,118,11,11.094017094017094
2021-03-17 11:46:54.058753,mqtt,119,12,11.101694915254237
2021-03-17 11:46:54.167624,mqtt,120,11,11.100840336134453
2021-03-17 11:46:54.277633,mqtt,121,12,11.108333333333333
2021-03-17 11:46:54.388113,mqtt,122,12,11.115702479338843
2021-03-17 11:46:54.498098,mqtt,123,12,11.12295081967213
2021-03-17 11:46:54.608229,mqtt,124,11,11.121951219512194
2021-03-17 11:46:54.718261,mqtt,125,11,11.120967741935484
2021-03-17 11:46:54.827898,mqtt,126,11,11.12
2021-03-17 11:46:54.937192,mqtt,127,11,11.119047619047619
2021-03-17 11:46:55.043884,mqtt,128,8,11.094488188976378
2021-03-17 11:46:55.153453,mqtt,129,11,11.09375
2021-03-17 11:46:55.262616,mqtt,130,12,11.10077519379845
2021-03-17 11:46:55.371839,mqtt,131,11,11.1
2021-03-17 11:46:55.481601,mqtt,132,12,11.106870229007633
2021-03-17 11:46:55.590399,mqtt,133,10,11.098484848484848
2021-03-17 11:46:55.700736,mqtt,134,12,11.105263157894736
2021-03-17 11:46:55.810412,mqtt,135,10,11.097014925373134
2021-03-17 11:46:55.921528,mqtt,136,12,11.103703703703705
2021-03-17 11:46:56.029239,mqtt,137,9,11.088235294117647
2021-03-17 11:46:56.138486,mqtt,138,10,11.08029197080292
2021-03-17 11:46:56.250325,mqtt,139,13,11.094202898550725
2021-03-17 11:46:56.359755,mqtt,140,11,11.093525179856115
2021-03-17 11:46:56.470175,mqtt,141,12,11.1
2021-03-17 11:46:56.579635,mqtt,142,11,11.099290780141844
2021-03-17 11:46:56.690774,mqtt,143,12,11.105633802816902
2021-03-17 11:46:56.801091,mqtt,144,12,11.111888111888112
2021-03-17 11:46:56.911061,mqtt,145,12,11.118055555555555
2021-03-17 11:46:57.021435,mqtt,146,11,11.117241379310345
2021-03-17 11:46:57.130537,mqtt,147,12,11.123287671232877
2021-03-17 11:46:57.240284,mqtt,148,11,11.122448979591837
2021-03-17 11:46:57.350273,mqtt,149,11,11.121621621621621
2021-03-17 11:46:57.461126,mqtt,150,12,11.12751677852349
2021-03-17 11:46:57.571567,mqtt,151,12,11.133333333333333
2021-03-17 11:46:57.681330,mqtt,152,11,11.132450331125828
2021-03-17 11:46:57.791611,mqtt,153,12,11.138157894736842
2021-03-17 11:46:57.901428,mqtt,154,11,11.137254901960784
2021-03-17 11:46:58.009661,mqtt,155,11,11.136363636363637
2021-03-17 11:46:58.119183,mqtt,156,11,11.135483870967741
2021-03-17 11:46:58.229751,mqtt,157,12,11.14102564102564
2021-03-17 11:46:58.339341,mqtt,158,11,11.140127388535031
2021-03-17 11:46:58.449006,mqtt,159,12,11.145569620253164
2021-03-17 11:46:58.558094,mqtt,160,10,11.138364779874214
2021-03-17 11:46:58.667999,mqtt,161,11,11.1375
2021-03-17 11:46:58.777193,mqtt,162,10,11.130434782608695
2021-03-17 11:46:58.887114,mqtt,163,11,11.12962962962963
2021-03-17 11:46:58.995692,mqtt,164,10,11.122699386503067
2021-03-17 11:46:59.104868,mqtt,165,11,11.121951219512194
2021-03-17 11:46:59.214938,mqtt,166,12,11.127272727272727
2021-03-17 11:46:59.324723,mqtt,167,11,11.126506024096386
2021-03-17 11:46:59.433836,mqtt,168,11,11.125748502994012
2021-03-17 11:46:59.543558,mqtt,169,12,11.130952380952381
2021-03-17 11:46:59.653585,mqtt,170,12,11.136094674556213
2021-03-17 11:46:59.762160,mqtt,171,10,11.129411764705882
2021-03-17 11:46:59.873549,mqtt,172,13,11.140350877192983
2021-03-17 11:46:59.982340,mqtt,173,10,11.133720930232558
2021-03-17 11:47:00.093485,mqtt,174,11,11.132947976878613
2021-03-17 11:47:00.203321,mqtt,175,11,11.132183908045977
2021-03-17 11:47:00.313983,mqtt,176,12,11.137142857142857
2021-03-17 11:47:00.423618,mqtt,177,11,11.136363636363637
2021-03-17 11:47:00.535152,mqtt,178,11,11.135593220338983
2021-03-17 11:47:00.645185,mqtt,179,11,11.134831460674157
2021-03-17 11:47:00.754956,mqtt,180,11,11.134078212290502
2021-03-17 11:47:00.864838,mqtt,181,11,11.133333333333333
2021-03-17 11:47:00.976713,mqtt,182,14,11.149171270718233
2021-03-17 11:47:01.088362,mqtt,183,12,11.153846153846153
2021-03-17 11:47:01.196454,mqtt,184,10,11.147540983606557
2021-03-17 11:47:01.306286,mqtt,185,11,11.146739130434783
2021-03-17 11:47:01.416265,mqtt,186,11,11.145945945945947
2021-03-17 11:47:01.527560,mqtt,187,13,11.155913978494624
2021-03-17 11:47:01.638342,mqtt,188,11,11.155080213903743
2021-03-17 11:47:01.747595,mqtt,189,11,11.154255319148936
2021-03-17 11:47:01.856559,mqtt,190,11,11.153439153439153
2021-03-17 11:47:01.967143,mqtt,191,11,11.152631578947368
2021-03-17 11:47:02.076812,mqtt,192,12,11.157068062827225
2021-03-17 11:47:02.186695,mqtt,193,11,11.15625
2021-03-17 11:47:02.295806,mqtt,194,10,11.150259067357513
2021-03-17 11:47:02.405335,mqtt,195,11,11.149484536082474
2021-03-17 11:47:02.514847,mqtt,196,11,11.148717948717948
2021-03-17 11:47:02.626295,mqtt,197,12,11.153061224489797
2021-03-17 11:47:02.734775,mqtt,198,10,11.147208121827411
2021-03-17 11:47:02.845704,mqtt,199,11,11.146464646464647
2021-03-17 11:47:02.955389,mqtt,200,11,11.14572864321608
2021-03-17 11:47:03.065228,mqtt,201,11,11.145
2021-03-17 11:47:03.176041,mqtt,202,12,11.149253731343284
2021-03-17 11:47:03.285582,mqtt,203,11,11.148514851485148
2021-03-17 11:47:03.395095,mqtt,204,11,11.147783251231527
2021-03-17 11:47:03.504622,mqtt,205,11,11.147058823529411
2021-03-17 11:47:03.613954,mqtt,206,11,11.146341463414634
2021-03-17 11:47:03.724463,mqtt,207,11,11.145631067961165
2021-03-17 11:47:03.832810,mqtt,208,10,11.140096618357488
2021-03-17 11:47:03.940270,mqtt,209,7,11.120192307692308
2021-03-17 11:47:04.049537,mqtt,210,12,11.124401913875598
2021-03-17 11:47:04.159667,mqtt,211,12,11.128571428571428
2021-03-17 11:47:04.267443,mqtt,212,9,11.118483412322275
2021-03-17 11:47:04.377378,mqtt,213,11,11.117924528301886
2021-03-17 11:47:04.487987,mqtt,214,13,11.126760563380282
2021-03-17 11:47:04.597045,mqtt,215,11,11.126168224299066
2021-03-17 11:47:04.706900,mqtt,216,10,11.12093023255814
2021-03-17 11:47:04.817130,mqtt,217,11,11.12037037037037
2021-03-17 11:47:04.927552,mqtt,218,12,11.12442396313364
2021-03-17 11:47:05.037099,mqtt,219,11,11.123853211009175
2021-03-17 11:47:05.147368,mqtt,220,11,11.123287671232877
2021-03-17 11:47:05.257645,mqtt,221,12,11.127272727272727
2021-03-17 11:47:05.366073,mqtt,222,10,11.122171945701357
2021-03-17 11:47:05.475064,mqtt,223,10,11.117117117117116
2021-03-17 11:47:05.586817,mqtt,224,13,11.125560538116591
2021-03-17 11:47:05.696017,mqtt,225,11,11.125
2021-03-17 11:47:05.806319,mqtt,226,11,11.124444444444444
2021-03-17 11:47:05.916046,mqtt,227,11,11.123893805309734
2021-03-17 11:47:06.023278,mqtt,228,8,11.110132158590309
2021-03-17 11:47:06.133923,mqtt,229,12,11.114035087719298
2021-03-17 11:47:06.244579,mqtt,230,12,11.117903930131005
2021-03-17 11:47:06.355109,mqtt,231,11,11.117391304347827
2021-03-17 11:47:06.465594,mqtt,232,12,11.121212121212121
2021-03-17 11:47:06.574339,mqtt,233,10,11.116379310344827
2021-03-17 11:47:06.684503,mqtt,234,10,11.111587982832617
2021-03-17 11:47:06.801750,mqtt,235,19,11.145299145299145
2021-03-17 11:47:06.910810,mqtt,236,11,11.14468085106383
2021-03-17 11:47:07.019117,mqtt,237,9,11.135593220338983
2021-03-17 11:47:07.129038,mqtt,238,11,11.135021097046414
2021-03-17 11:47:07.238992,mqtt,239,12,11.138655462184873
2021-03-17 11:47:07.348282,mqtt,240,11,11.138075313807532
2021-03-17 11:47:07.458645,mqtt,241,11,11.1375
2021-03-17 11:47:07.568886,mqtt,242,12,11.141078838174273
2021-03-17 11:47:07.679172,mqtt,243,12,11.144628099173554
2021-03-17 11:47:07.789227,mqtt,244,11,11.1440329218107
2021-03-17 11:47:07.899494,mqtt,245,11,11.14344262295082
2021-03-17 11:47:08.009469,mqtt,246,11,11.142857142857142
2021-03-17 11:47:08.118046,mqtt,247,11,11.142276422764228
2021-03-17 11:47:08.226269,mqtt,248,10,11.137651821862349
2021-03-17 11:47:08.336177,mqtt,249,11,11.137096774193548
2021-03-17 11:47:08.446988,mqtt,250,12,11.140562248995984
2021-03-17 11:47:08.557353,mqtt,251,11,11.14
2021-03-17 11:47:08.666886,mqtt,252,11,11.139442231075698
2021-03-17 11:47:08.775603,mqtt,253,10,11.134920634920634
2021-03-17 11:47:08.884739,mqtt,254,11,11.134387351778656
2021-03-17 11:47:08.992095,mqtt,255,9,11.125984251968504
2021-03-17 11:47:09.102501,mqtt,256,11,11.125490196078431
2021-03-17 11:47:09.213205,mqtt,257,12,11.12890625
2021-03-17 11:47:09.321938,mqtt,258,11,11.1284046692607
2021-03-17 11:47:09.431796,mqtt,259,12,11.131782945736434
2021-03-17 11:47:09.542362,mqtt,260,11,11.13127413127413
2021-03-17 11:47:09.654006,mqtt,261,13,11.138461538461538
2021-03-17 11:47:09.763780,mqtt,262,12,11.14176245210728
2021-03-17 11:47:09.873155,mqtt,263,11,11.141221374045802
2021-03-17 11:47:09.984407,mqtt,264,11,11.140684410646388
2021-03-17 11:47:10.094189,mqtt,265,11,11.140151515151516
2021-03-17 11:47:10.204265,mqtt,266,11,11.139622641509433
2021-03-17 11:47:10.315204,mqtt,267,12,11.142857142857142
2021-03-17 11:47:10.423979,mqtt,268,11,11.142322097378278
2021-03-17 11:47:10.535170,mqtt,269,13,11.149253731343284
2021-03-17 11:47:10.645173,mqtt,270,12,11.152416356877323
2021-03-17 11:47:10.754884,mqtt,271,11,11.151851851851852
2021-03-17 11:47:10.865977,mqtt,272,13,11.158671586715867
2021-03-17 11:47:10.976580,mqtt,273,13,11.165441176470589
2021-03-17 11:47:11.084853,mqtt,274,10,11.16117216117216
2021-03-17 11:47:11.195672,mqtt,275,11,11.16058394160584
2021-03-17 11:47:11.306815,mqtt,276,12,11.163636363636364
2021-03-17 11:47:11.416474,mqtt,277,10,11.159420289855072
2021-03-17 11:47:11.526835,mqtt,278,12,11.16245487364621
2021-03-17 11:47:11.636412,mqtt,279,10,11.158273381294965
2021-03-17 11:47:11.745567,mqtt,280,11,11.157706093189963
2021-03-17 11:47:11.855225,mqtt,281,11,11.157142857142857
2021-03-17 11:47:11.965935,mqtt,282,12,11.160142348754448
2021-03-17 11:47:12.076119,mqtt,283,12,11.163120567375886
2021-03-17 11:47:12.185102,mqtt,284,10,11.159010600706713
2021-03-17 11:47:12.295700,mqtt,285,12,11.161971830985916
2021-03-17 11:47:12.404425,mqtt,286,9,11.154385964912281
2021-03-17 11:47:12.514608,mqtt,287,12,11.157342657342657
2021-03-17 11:47:12.625103,mqtt,288,12,11.160278745644598
2021-03-17 11:47:12.737589,mqtt,289,15,11.17361111111111
2021-03-17 11:47:12.847540,mqtt,290,12,11.176470588235293
2021-03-17 11:47:12.957203,mqtt,291,10,11.172413793103448
2021-03-17 11:47:13.067276,mqtt,292,11,11.171821305841924
2021-03-17 11:47:13.177710,mqtt,293,12,11.174657534246576
2021-03-17 11:47:13.288274,mqtt,294,12,11.177474402730375
2021-03-17 11:47:13.398190,mqtt,295,12,11.180272108843537
2021-03-17 11:47:13.508779,mqtt,296,13,11.186440677966102
2021-03-17 11:47:13.617607,mqtt,297,12,11.18918918918919
2021-03-17 11:47:13.727393,mqtt,298,11,11.188552188552189
2021-03-17 11:47:13.837151,mqtt,299,11,11.187919463087248
2021-03-17 11:47:13.943354,mqtt,300,8,11.177257525083611
2021-03-17 11:47:14.053865,mqtt,301,12,11.18
2021-03-17 11:47:14.163696,mqtt,302,12,11.182724252491694
2021-03-17 11:47:14.273904,mqtt,303,12,11.185430463576159
2021-03-17 11:47:14.383278,mqtt,304,10,11.181518151815181
2021-03-17 11:47:14.493483,mqtt,305,11,11.180921052631579
2021-03-17 11:47:14.603498,mqtt,306,11,11.180327868852459
2021-03-17 11:47:14.713385,mqtt,307,11,11.179738562091503
2021-03-17 11:47:14.821652,mqtt,308,11,11.17915309446254
2021-03-17 11:47:14.932601,mqtt,309,13,11.185064935064934
2021-03-17 11:47:15.042488,mqtt,310,11,11.184466019417476
2021-03-17 11:47:15.152748,mqtt,311,12,11.187096774193549
2021-03-17 11:47:15.262066,mqtt,312,11,11.186495176848874
2021-03-17 11:47:15.371285,mqtt,313,10,11.182692307692308
2021-03-17 11:47:15.481721,mqtt,314,12,11.185303514376997
2021-03-17 11:47:15.591359,mqtt,315,11,11.184713375796179
2021-03-17 11:47:15.701918,mqtt,316,12,11.187301587301587
2021-03-17 11:47:15.811566,mqtt,317,11,11.186708860759493
2021-03-17 11:47:15.920186,mqtt,318,10,11.182965299684543
2021-03-17 11:47:16.029528,mqtt,319,11,11.182389937106919
2021-03-17 11:47:16.139153,mqtt,320,11,11.181818181818182
2021-03-17 11:47:16.249112,mqtt,321,11,11.18125
2021-03-17 11:47:16.359630,mqtt,322,12,11.18380062305296
2021-03-17 11:47:16.468538,mqtt,323,11,11.183229813664596
2021-03-17 11:47:16.577012,mqtt,324,10,11.179566563467493
2021-03-17 11:47:16.687906,mqtt,325,11,11.179012345679013
2021-03-17 11:47:16.793555,mqtt,326,7,11.166153846153847
2021-03-17 11:47:16.903203,mqtt,327,11,11.16564417177914
2021-03-17 11:47:17.014571,mqtt,328,13,11.17125382262997
2021-03-17 11:47:17.124226,mqtt,329,11,11.170731707317072
2021-03-17 11:47:17.233288,mqtt,330,10,11.167173252279635
2021-03-17 11:47:17.342532,mqtt,331,11,11.166666666666666
2021-03-17 11:47:17.452531,mqtt,332,12,11.169184290030211
2021-03-17 11:47:17.562843,mqtt,333,12,11.171686746987952
2021-03-17 11:47:17.673190,mqtt,334,11,11.17117117117117
2021-03-17 11:47:17.783823,mqtt,335,11,11.17065868263473
2021-03-17 11:47:17.894569,mqtt,336,12,11.17313432835821
2021-03-17 11:47:18.001826,mqtt,337,9,11.166666666666666
2021-03-17 11:47:18.109567,mqtt,338,11,11.166172106824925
2021-03-17 11:47:18.219955,mqtt,339,12,11.168639053254438
2021-03-17 11:47:18.329260,mqtt,340,11,11.168141592920353
2021-03-17 11:47:18.439350,mqtt,341,11,11.16764705882353
2021-03-17 11:47:18.549585,mqtt,342,12,11.17008797653959
2021-03-17 11:47:18.659675,mqtt,343,12,11.17251461988304
2021-03-17 11:47:18.770042,mqtt,344,11,11.17201166180758
2021-03-17 11:47:18.880367,mqtt,345,11,11.171511627906977
2021-03-17 11:47:18.989684,mqtt,346,11,11.171014492753622
2021-03-17 11:47:19.100193,mqtt,347,11,11.170520231213873
2021-03-17 11:47:19.210103,mqtt,348,11,11.170028818443804
2021-03-17 11:47:19.319830,mqtt,349,11,11.169540229885058
2021-03-17 11:47:19.431832,mqtt,350,14,11.177650429799426
2021-03-17 11:47:19.541243,mqtt,351,11,11.177142857142858
2021-03-17 11:47:19.651488,mqtt,352,11,11.176638176638177
2021-03-17 11:47:19.761784,mqtt,353,12,11.178977272727273
2021-03-17 11:47:19.870823,mqtt,354,10,11.175637393767705
2021-03-17 11:47:19.979759,mqtt,355,10,11.17231638418079
2021-03-17 11:47:20.088487,mqtt,356,10,11.169014084507042
2021-03-17 11:47:20.197512,mqtt,357,11,11.168539325842696
2021-03-17 11:47:20.307207,mqtt,358,11,11.168067226890756
2021-03-17 11:47:20.415404,mqtt,359,10,11.164804469273744
2021-03-17 11:47:20.525872,mqtt,360,12,11.167130919220055
2021-03-17 11:47:20.635643,mqtt,361,11,11.166666666666666
2021-03-17 11:47:20.745693,mqtt,362,12,11.168975069252078
2021-03-17 11:47:20.854171,mqtt,363,10,11.165745856353592
2021-03-17 11:47:20.964540,mqtt,364,13,11.170798898071626
2021-03-17 11:47:21.074701,mqtt,365,12,11.173076923076923
2021-03-17 11:47:21.184466,mqtt,366,11,11.172602739726027
2021-03-17 11:47:21.294379,mqtt,367,11,11.172131147540984
2021-03-17 11:47:21.404698,mqtt,368,12,11.174386920980927
2021-03-17 11:47:21.514897,mqtt,369,11,11.173913043478262
2021-03-17 11:47:21.624630,mqtt,370,12,11.176151761517616
2021-03-17 11:47:21.734312,mqtt,371,11,11.175675675675675
2021-03-17 11:47:21.846397,mqtt,372,13,11.180592991913747
2021-03-17 11:47:21.955885,mqtt,373,12,11.182795698924732
2021-03-17 11:47:22.065671,mqtt,374,12,11.184986595174262
2021-03-17 11:47:22.175046,mqtt,375,10,11.181818181818182
2021-03-17 11:47:22.285073,mqtt,376,11,11.181333333333333
2021-03-17 11:47:22.395081,mqtt,377,11,11.180851063829786
2021-03-17 11:47:22.505320,mqtt,378,11,11.180371352785146
2021-03-17 11:47:22.614822,mqtt,379,11,11.17989417989418
2021-03-17 11:47:22.724652,mqtt,380,12,11.182058047493404
2021-03-17 11:47:22.833226,mqtt,381,9,11.176315789473684
2021-03-17 11:47:22.942897,mqtt,382,10,11.173228346456693
2021-03-17 11:47:23.054129,mqtt,383,12,11.175392670157068
2021-03-17 11:47:23.162628,mqtt,384,11,11.174934725848564
2021-03-17 11:47:23.272066,mqtt,385,11,11.174479166666666
2021-03-17 11:47:23.381418,mqtt,386,9,11.168831168831169
2021-03-17 11:47:23.490374,mqtt,387,10,11.16580310880829
2021-03-17 11:47:23.600699,mqtt,388,12,11.167958656330748
2021-03-17 11:47:23.711436,mqtt,389,11,11.167525773195877
2021-03-17 11:47:23.821105,mqtt,390,11,11.167095115681233
2021-03-17 11:47:23.931118,mqtt,391,11,11.166666666666666
2021-03-17 11:47:24.036887,mqtt,392,7,11.156010230179028
2021-03-17 11:47:24.146249,mqtt,393,11,11.15561224489796
2021-03-17 11:47:24.256735,mqtt,394,13,11.16030534351145
2021-03-17 11:47:24.364921,mqtt,395,10,11.157360406091371
2021-03-17 11:47:24.473557,mqtt,396,11,11.156962025316457
2021-03-17 11:47:24.582448,mqtt,397,10,11.154040404040405
2021-03-17 11:47:24.693467,mqtt,398,11,11.153652392947103
2021-03-17 11:47:24.803589,mqtt,399,12,11.155778894472363
2021-03-17 11:47:24.913060,mqtt,400,11,11.155388471177945
2021-03-17 11:47:25.020510,mqtt,401,10,11.1525
2021-03-17 11:47:25.130191,mqtt,402,11,11.15211970074813
2021-03-17 11:47:25.239658,mqtt,403,11,11.151741293532337
2021-03-17 11:47:25.350951,mqtt,404,11,11.15136476426799
2021-03-17 11:47:25.462310,mqtt,405,12,11.153465346534654
2021-03-17 11:47:25.571722,mqtt,406,11,11.153086419753086
2021-03-17 11:47:25.681676,mqtt,407,12,11.155172413793103
2021-03-17 11:47:25.790520,mqtt,408,11,11.154791154791155
2021-03-17 11:47:25.896693,mqtt,409,8,11.147058823529411
2021-03-17 11:47:26.006639,mqtt,410,12,11.14914425427873
2021-03-17 11:47:26.117065,mqtt,411,11,11.148780487804878
2021-03-17 11:47:26.227037,mqtt,412,11,11.148418491484184
2021-03-17 11:47:26.335695,mqtt,413,10,11.145631067961165
2021-03-17 11:47:26.445445,mqtt,414,11,11.145278450363197
2021-03-17 11:47:26.556071,mqtt,415,12,11.147342995169081
2021-03-17 11:47:26.667498,mqtt,416,13,11.151807228915663
2021-03-17 11:47:26.777651,mqtt,417,12,11.153846153846153
2021-03-17 11:47:26.887491,mqtt,418,11,11.15347721822542
2021-03-17 11:47:26.997269,mqtt,419,10,11.150717703349283
2021-03-17 11:47:27.107538,mqtt,420,12,11.152744630071599
2021-03-17 11:47:27.217702,mqtt,421,12,11.154761904761905
2021-03-17 11:47:27.327003,mqtt,422,11,11.15439429928741
2021-03-17 11:47:27.434881,mqtt,423,9,11.149289099526067
2021-03-17 11:47:27.546514,mqtt,424,12,11.15130023640662
2021-03-17 11:47:27.657201,mqtt,425,12,11.153301886792454
2021-03-17 11:47:27.766572,mqtt,426,12,11.15529411764706
2021-03-17 11:47:27.876952,mqtt,427,11,11.154929577464788
2021-03-17 11:47:27.985451,mqtt,428,10,11.152224824355972
2021-03-17 11:47:28.093600,mqtt,429,10,11.149532710280374
2021-03-17 11:47:28.205058,mqtt,430,11,11.14918414918415
2021-03-17 11:47:28.315506,mqtt,431,12,11.151162790697674
2021-03-17 11:47:28.425702,mqtt,432,12,11.153132250580047
2021-03-17 11:47:28.535771,mqtt,433,12,11.155092592592593
2021-03-17 11:47:28.645814,mqtt,434,11,11.15473441108545
2021-03-17 11:47:28.755932,mqtt,435,11,11.154377880184331
2021-03-17 11:47:28.865744,mqtt,436,11,11.154022988505748
2021-03-17 11:47:28.973710,mqtt,437,10,11.15137614678899
2021-03-17 11:47:29.083950,mqtt,438,12,11.153318077803204
2021-03-17 11:47:29.193820,mqtt,439,11,11.15296803652968
2021-03-17 11:47:29.304639,mqtt,440,13,11.157175398633257
2021-03-17 11:47:29.415444,mqtt,441,11,11.156818181818181
2021-03-17 11:47:29.525787,mqtt,442,12,11.158730158730158
2021-03-17 11:47:29.635524,mqtt,443,11,11.158371040723981
2021-03-17 11:47:29.744418,mqtt,444,10,11.155756207674944
2021-03-17 11:47:29.853682,mqtt,445,11,11.155405405405405
2021-03-17 11:47:29.963289,mqtt,446,11,11.155056179775281
2021-03-17 11:47:30.073555,mqtt,447,13,11.159192825112108
2021-03-17 11:47:30.183662,mqtt,448,12,11.161073825503356
2021-03-17 11:47:30.293974,mqtt,449,12,11.162946428571429
2021-03-17 11:47:30.404273,mqtt,450,11,11.162583518930958
2021-03-17 11:47:30.514246,mqtt,451,11,11.162222222222223
2021-03-17 11:47:30.622359,mqtt,452,9,11.157427937915743
2021-03-17 11:47:30.733014,mqtt,453,11,11.1570796460177
2021-03-17 11:47:30.842647,mqtt,454,12,11.158940397350994
2021-03-17 11:47:30.952517,mqtt,455,12,11.16079295154185
2021-03-17 11:47:31.062711,mqtt,456,12,11.162637362637362
2021-03-17 11:47:31.173329,mqtt,457,12,11.164473684210526
2021-03-17 11:47:31.283203,mqtt,458,11,11.164113785557987
2021-03-17 11:47:31.393151,mqtt,459,11,11.163755458515285
2021-03-17 11:47:31.502263,mqtt,460,11,11.163398692810457
2021-03-17 11:47:31.611940,mqtt,461,11,11.16304347826087
2021-03-17 11:47:31.722189,mqtt,462,12,11.164859002169198
2021-03-17 11:47:31.831346,mqtt,463,11,11.164502164502165
2021-03-17 11:47:31.941443,mqtt,464,11,11.16414686825054
2021-03-17 11:47:32.052232,mqtt,465,12,11.16594827586207
2021-03-17 11:47:32.161455,mqtt,466,11,11.165591397849463
2021-03-17 11:47:32.271091,mqtt,467,11,11.165236051502147
2021-03-17 11:47:32.380935,mqtt,468,11,11.164882226980728
2021-03-17 11:47:32.490294,mqtt,469,11,11.164529914529915
2021-03-17 11:47:32.600599,mqtt,470,11,11.164179104477611
2021-03-17 11:47:32.712147,mqtt,471,12,11.16595744680851
2021-03-17 11:47:32.821731,mqtt,472,11,11.165605095541402
2021-03-17 11:47:32.929791,mqtt,473,9,11.161016949152541
2021-03-17 11:47:33.040540,mqtt,474,12,11.162790697674419
2021-03-17 11:47:33.149837,mqtt,475,11,11.162447257383967
2021-03-17 11:47:33.260392,mqtt,476,11,11.162105263157894
2021-03-17 11:47:33.369552,mqtt,477,11,11.161764705882353
2021-03-17 11:47:33.479327,mqtt,478,11,11.161425576519916
2021-03-17 11:47:33.590146,mqtt,479,12,11.163179916317992
2021-03-17 11:47:33.700455,mqtt,480,11,11.162839248434238
2021-03-17 11:47:33.811896,mqtt,481,13,11.166666666666666
2021-03-17 11:47:33.921834,mqtt,482,12,11.16839916839917
2021-03-17 11:47:34.026732,mqtt,483,7,11.159751037344398
2021-03-17 11:47:34.135644,mqtt,484,11,11.159420289855072
2021-03-17 11:47:34.245884,mqtt,485,12,11.161157024793388
2021-03-17 11:47:34.354357,mqtt,486,10,11.158762886597938
2021-03-17 11:47:34.464157,mqtt,487,11,11.15843621399177
2021-03-17 11:47:34.572442,mqtt,488,9,11.154004106776181
2021-03-17 11:47:34.683457,mqtt,489,11,11.153688524590164
2021-03-17 11:47:34.794044,mqtt,490,11,11.153374233128835
2021-03-17 11:47:34.903149,mqtt,491,10,11.151020408163266
2021-03-17 11:47:35.009150,mqtt,492,8,11.144602851323828
2021-03-17 11:47:35.119268,mqtt,493,11,11.144308943089431
2021-03-17 11:47:35.229414,mqtt,494,11,11.144016227180527
2021-03-17 11:47:35.338680,mqtt,495,11,11.143724696356275
2021-03-17 11:47:35.448642,mqtt,496,12,11.145454545454545
2021-03-17 11:47:35.559092,mqtt,497,11,11.14516129032258
2021-03-17 11:47:35.669574,mqtt,498,12,11.146881287726359
2021-03-17 11:47:35.778951,mqtt,499,11,11.146586345381525
2021-03-17 11:47:35.890167,mqtt,500,11,11.146292585170341
2021-03-17 11:47:36.000701,mqtt,501,12,11.148
2021-03-17 11:47:36.109273,mqtt,502,10,11.145708582834331
2021-03-17 11:47:36.218587,mqtt,503,11,11.145418326693227
2021-03-17 11:47:36.331285,mqtt,504,13,11.14910536779324
2021-03-17 11:47:36.440594,mqtt,505,11,11.148809523809524
2021-03-17 11:47:36.550954,mqtt,506,11,11.148514851485148
2021-03-17 11:47:36.659730,mqtt,507,11,11.148221343873518
2021-03-17 11:47:36.770213,mqtt,508,11,11.14792899408284
2021-03-17 11:47:36.879461,mqtt,509,10,11.145669291338583
2021-03-17 11:47:36.986439,mqtt,510,8,11.139489194499017
2021-03-17 11:47:37.095853,mqtt,511,11,11.13921568627451
2021-03-17 11:47:37.205939,mqtt,512,11,11.13894324853229
2021-03-17 11:47:37.315977,mqtt,513,11,11.138671875
2021-03-17 11:47:37.426982,mqtt,514,12,11.140350877192983
2021-03-17 11:47:37.536075,mqtt,515,10,11.138132295719844
2021-03-17 11:47:37.644412,mqtt,516,9,11.133980582524272
2021-03-17 11:47:37.754980,mqtt,517,12,11.135658914728682
2021-03-17 11:47:37.865094,mqtt,518,12,11.13733075435203
2021-03-17 11:47:37.973791,mqtt,519,11,11.137065637065637
2021-03-17 11:47:38.085505,mqtt,520,12,11.138728323699421
2021-03-17 11:47:38.195640,mqtt,521,12,11.140384615384615
2021-03-17 11:47:38.304904,mqtt,522,11,11.140115163147792
2021-03-17 11:47:38.414273,mqtt,523,11,11.139846743295019
2021-03-17 11:47:38.524698,mqtt,524,12,11.1414913957935
2021-03-17 11:47:38.636196,mqtt,525,12,11.143129770992367
2021-03-17 11:47:38.745618,mqtt,526,12,11.144761904761905
2021-03-17 11:47:38.855471,mqtt,527,10,11.142585551330798
2021-03-17 11:47:38.964509,mqtt,528,11,11.142314990512334
2021-03-17 11:47:39.073533,mqtt,529,11,11.142045454545455
2021-03-17 11:47:39.182790,mqtt,530,11,11.141776937618147
2021-03-17 11:47:39.292831,mqtt,531,11,11.141509433962264
2021-03-17 11:47:39.402773,mqtt,532,11,11.141242937853107
2021-03-17 11:47:39.513331,mqtt,533,11,11.140977443609023
2021-03-17 11:47:39.619744,mqtt,534,8,11.135084427767355
2021-03-17 11:47:39.730605,mqtt,535,13,11.138576779026216
2021-03-17 11:47:39.841712,mqtt,536,13,11.142056074766355
2021-03-17 11:47:39.952036,mqtt,537,12,11.14365671641791
2021-03-17 11:47:40.062094,mqtt,538,11,11.143389199255122
2021-03-17 11:47:40.171787,mqtt,539,12,11.144981412639405
2021-03-17 11:47:40.282153,mqtt,540,11,11.144712430426717
2021-03-17 11:47:40.391589,mqtt,541,11,11.144444444444444
2021-03-17 11:47:40.501113,mqtt,542,11,11.144177449168208
2021-03-17 11:47:40.610855,mqtt,543,11,11.14391143911439
2021-03-17 11:47:40.721419,mqtt,544,11,11.143646408839778
2021-03-17 11:47:40.831945,mqtt,545,12,11.145220588235293
2021-03-17 11:47:40.941690,mqtt,546,11,11.144954128440366
2021-03-17 11:47:41.052124,mqtt,547,11,11.144688644688644
2021-03-17 11:47:41.162165,mqtt,548,11,11.144424131627057
2021-03-17 11:47:41.272209,mqtt,549,11,11.144160583941606
2021-03-17 11:47:41.382428,mqtt,550,11,11.143897996357012
2021-03-17 11:47:41.491988,mqtt,551,11,11.143636363636364
2021-03-17 11:47:41.601420,mqtt,552,10,11.141560798548094
2021-03-17 11:47:41.711475,mqtt,553,11,11.141304347826088
2021-03-17 11:47:41.821110,mqtt,554,11,11.141048824593128
2021-03-17 11:47:41.930686,mqtt,555,11,11.140794223826715
2021-03-17 11:47:42.041076,mqtt,556,11,11.14054054054054
2021-03-17 11:47:42.150901,mqtt,557,11,11.140287769784173
2021-03-17 11:47:42.261931,mqtt,558,13,11.14362657091562
2021-03-17 11:47:42.371986,mqtt,559,12,11.14516129032258
2021-03-17 11:47:42.481088,mqtt,560,10,11.143112701252235
2021-03-17 11:47:42.591360,mqtt,561,11,11.142857142857142
2021-03-17 11:47:42.701361,mqtt,562,11,11.142602495543672
2021-03-17 11:47:42.812217,mqtt,563,11,11.142348754448399
2021-03-17 11:47:42.921560,mqtt,564,11,11.142095914742452
2021-03-17 11:47:43.032332,mqtt,565,10,11.140070921985815
2021-03-17 11:47:43.142317,mqtt,566,11,11.139823008849557
2021-03-17 11:47:43.251951,mqtt,567,11,11.139575971731448
2021-03-17 11:47:43.361123,mqtt,568,10,11.137566137566138
2021-03-17 11:47:43.471733,mqtt,569,13,11.140845070422536
2021-03-17 11:47:43.581463,mqtt,570,11,11.140597539543059
2021-03-17 11:47:43.692489,mqtt,571,11,11.140350877192983
2021-03-17 11:47:43.802812,mqtt,572,12,11.14185639229422
2021-03-17 11:47:43.913479,mqtt,573,12,11.143356643356643
2021-03-17 11:47:44.022501,mqtt,574,10,11.141361256544503
2021-03-17 11:47:44.130824,mqtt,575,10,11.139372822299652
2021-03-17 11:47:44.239354,mqtt,576,10,11.137391304347826
2021-03-17 11:47:44.350568,mqtt,577,11,11.137152777777779
2021-03-17 11:47:44.460919,mqtt,578,11,11.1369150779896
2021-03-17 11:47:44.570358,mqtt,579,11,11.136678200692042
2021-03-17 11:47:44.679907,mqtt,580,11,11.136442141623489
2021-03-17 11:47:44.790498,mqtt,581,11,11.136206896551725
2021-03-17 11:47:44.900010,mqtt,582,11,11.135972461273665
2021-03-17 11:47:45.009742,mqtt,583,11,11.13573883161512
2021-03-17 11:47:45.120268,mqtt,584,12,11.137221269296742
2021-03-17 11:47:45.230554,mqtt,585,13,11.14041095890411
2021-03-17 11:47:45.339290,mqtt,586,10,11.138461538461538
2021-03-17 11:47:45.449702,mqtt,587,12,11.139931740614335
2021-03-17 11:47:45.560520,mqtt,588,12,11.141396933560477
2021-03-17 11:47:45.671297,mqtt,589,12,11.142857142857142
2021-03-17 11:47:45.780902,mqtt,590,11,11.142614601018675
2021-03-17 11:47:45.889721,mqtt,591,11,11.142372881355932
2021-03-17 11:47:46.001330,mqtt,592,11,11.142131979695431
2021-03-17 11:47:46.111310,mqtt,593,11,11.141891891891891
2021-03-17 11:47:46.220254,mqtt,594,11,11.141652613827993
2021-03-17 11:47:46.329915,mqtt,595,11,11.141414141414142
2021-03-17 11:47:46.440287,mqtt,596,11,11.141176470588235
2021-03-17 11:47:46.550438,mqtt,597,11,11.140939597315436
2021-03-17 11:47:46.659773,mqtt,598,11,11.140703517587939
2021-03-17 11:47:46.770746,mqtt,599,12,11.142140468227424
2021-03-17 11:47:46.881744,mqtt,600,12,11.143572621035059
2021-03-17 11:47:46.991001,mqtt,601,11,11.143333333333333
2021-03-17 11:47:47.102363,mqtt,602,12,11.144758735440933
2021-03-17 11:47:47.211264,mqtt,603,10,11.142857142857142
2021-03-17 11:47:47.321160,mqtt,604,11,11.14262023217247
2021-03-17 11:47:47.428181,mqtt,605,8,11.137417218543046
2021-03-17 11:47:47.537029,mqtt,606,10,11.135537190082644
2021-03-17 11:47:47.647411,mqtt,607,11,11.135313531353136
2021-03-17 11:47:47.758076,mqtt,608,12,11.13673805601318
2021-03-17 11:47:47.867942,mqtt,609,12,11.138157894736842
2021-03-17 11:47:47.977734,mqtt,610,11,11.137931034482758
2021-03-17 11:47:48.088477,mqtt,611,11,11.137704918032787
2021-03-17 11:47:48.200269,mqtt,612,13,11.14075286415712
2021-03-17 11:47:48.310072,mqtt,613,11,11.140522875816993
2021-03-17 11:47:48.420480,mqtt,614,11,11.140293637846655
2021-03-17 11:47:48.529698,mqtt,615,11,11.140065146579804
2021-03-17 11:47:48.640193,mqtt,616,11,11.139837398373984
2021-03-17 11:47:48.750535,mqtt,617,12,11.141233766233766
2021-03-17 11:47:48.859267,mqtt,618,10,11.139384116693678
2021-03-17 11:47:48.966066,mqtt,619,8,11.13430420711974
2021-03-17 11:47:49.074448,mqtt,620,9,11.130856219709209
2021-03-17 11:47:49.184321,mqtt,621,10,11.129032258064516
2021-03-17 11:47:49.294485,mqtt,622,11,11.128824476650564
2021-03-17 11:47:49.402951,mqtt,623,10,11.12700964630225
2021-03-17 11:47:49.511857,mqtt,624,11,11.126805778491171
2021-03-17 11:47:49.621678,mqtt,625,12,11.128205128205128
2021-03-17 11:47:49.731933,mqtt,626,12,11.1296
2021-03-17 11:47:49.841748,mqtt,627,12,11.130990415335463
2021-03-17 11:47:49.953865,mqtt,628,13,11.133971291866029
2021-03-17 11:47:50.062333,mqtt,629,10,11.132165605095542
2021-03-17 11:47:50.171389,mqtt,630,10,11.130365659777425
2021-03-17 11:47:50.281344,mqtt,631,11,11.13015873015873
2021-03-17 11:47:50.391841,mqtt,632,12,11.131537242472266
2021-03-17 11:47:50.501759,mqtt,633,11,11.13132911392405
2021-03-17 11:47:50.613211,mqtt,634,12,11.132701421800947
2021-03-17 11:47:50.723155,mqtt,635,11,11.132492113564668
2021-03-17 11:47:50.832606,mqtt,636,11,11.13228346456693
2021-03-17 11:47:50.942039,mqtt,637,11,11.132075471698114
2021-03-17 11:47:51.051289,mqtt,638,10,11.130298273155416
2021-03-17 11:47:51.161308,mqtt,639,11,11.130094043887148
2021-03-17 11:47:51.270834,mqtt,640,11,11.129890453834117
2021-03-17 11:47:51.381226,mqtt,641,11,11.1296875
2021-03-17 11:47:51.491384,mqtt,642,11,11.129485179407176
2021-03-17 11:47:51.601380,mqtt,643,11,11.129283489096574
2021-03-17 11:47:51.710854,mqtt,644,11,11.129082426127527
2021-03-17 11:47:51.822076,mqtt,645,13,11.131987577639752
2021-03-17 11:47:51.931950,mqtt,646,12,11.133333333333333
2021-03-17 11:47:52.042380,mqtt,647,11,11.13312693498452
2021-03-17 11:47:52.152853,mqtt,648,12,11.134466769706338
2021-03-17 11:47:52.261613,mqtt,649,10,11.132716049382717
2021-03-17 11:47:52.371736,mqtt,650,12,11.134052388289676
2021-03-17 11:47:52.481414,mqtt,651,11,11.133846153846154
2021-03-17 11:47:52.589923,mqtt,652,11,11.133640552995391
2021-03-17 11:47:52.699907,mqtt,653,11,11.133435582822086
2021-03-17 11:47:52.810149,mqtt,654,11,11.13323124042879
2021-03-17 11:47:52.920199,mqtt,655,12,11.134556574923547
2021-03-17 11:47:53.029196,mqtt,656,11,11.134351145038169
2021-03-17 11:47:53.139641,mqtt,657,11,11.134146341463415
2021-03-17 11:47:53.249699,mqtt,658,12,11.135464231354643
2021-03-17 11:47:53.359507,mqtt,659,12,11.136778115501519
2021-03-17 11:47:53.470593,mqtt,660,12,11.138088012139605
2021-03-17 11:47:53.580841,mqtt,661,12,11.139393939393939
2021-03-17 11:47:53.689885,mqtt,662,11,11.139183055975794
2021-03-17 11:47:53.800117,mqtt,663,11,11.138972809667674
2021-03-17 11:47:53.910142,mqtt,664,11,11.138763197586727
2021-03-17 11:47:54.020720,mqtt,665,12,11.140060240963855
2021-03-17 11:47:54.125684,mqtt,666,7,11.133834586466165
2021-03-17 11:47:54.234852,mqtt,667,11,11.133633633633634
2021-03-17 11:47:54.344531,mqtt,668,11,11.13343328335832
2021-03-17 11:47:54.454662,mqtt,669,12,11.134730538922156
2021-03-17 11:47:54.564403,mqtt,670,11,11.134529147982063
2021-03-17 11:47:54.674572,mqtt,671,12,11.135820895522388
2021-03-17 11:47:54.783164,mqtt,672,10,11.134128166915053
2021-03-17 11:47:54.892878,mqtt,673,11,11.133928571428571
2021-03-17 11:47:55.002412,mqtt,674,10,11.13224368499257
2021-03-17 11:47:55.112933,mqtt,675,11,11.132047477744807
2021-03-17 11:47:55.225431,mqtt,676,13,11.134814814814815
2021-03-17 11:47:55.334185,mqtt,677,11,11.134615384615385
2021-03-17 11:47:55.444717,mqtt,678,13,11.137370753323486
2021-03-17 11:47:55.554324,mqtt,679,11,11.13716814159292
2021-03-17 11:47:55.664362,mqtt,680,11,11.136966126656848
2021-03-17 11:47:55.774602,mqtt,681,12,11.138235294117647
2021-03-17 11:47:55.886134,mqtt,682,13,11.140969162995594
2021-03-17 11:47:55.995587,mqtt,683,12,11.142228739002933
2021-03-17 11:47:56.105988,mqtt,684,12,11.143484626647146
2021-03-17 11:47:56.214537,mqtt,685,11,11.14327485380117
2021-03-17 11:47:56.323450,mqtt,686,10,11.141605839416059
2021-03-17 11:47:56.434044,mqtt,687,12,11.142857142857142
2021-03-17 11:47:56.544084,mqtt,688,12,11.14410480349345
2021-03-17 11:47:56.655924,mqtt,689,13,11.146802325581396
2021-03-17 11:47:56.761852,mqtt,690,8,11.142235123367199
2021-03-17 11:47:56.872044,mqtt,691,11,11.142028985507247
2021-03-17 11:47:56.983685,mqtt,692,13,11.144717800289436
2021-03-17 11:47:57.093195,mqtt,693,11,11.144508670520231
2021-03-17 11:47:57.202276,mqtt,694,10,11.142857142857142
2021-03-17 11:47:57.311828,mqtt,695,11,11.142651296829971
2021-03-17 11:47:57.421528,mqtt,696,12,11.143884892086332
2021-03-17 11:47:57.531969,mqtt,697,11,11.14367816091954
2021-03-17 11:47:57.642437,mqtt,698,11,11.143472022955523
2021-03-17 11:47:57.752463,mqtt,699,11,11.1432664756447
2021-03-17 11:47:57.864216,mqtt,700,12,11.144492131616595
2021-03-17 11:47:57.974129,mqtt,701,11,11.144285714285715
2021-03-17 11:47:58.083272,mqtt,702,10,11.142653352353781
2021-03-17 11:47:58.192841,mqtt,703,11,11.142450142450143
2021-03-17 11:47:58.300334,mqtt,704,8,11.137980085348506
2021-03-17 11:47:58.410562,mqtt,705,12,11.139204545454545
2021-03-17 11:47:58.520618,mqtt,706,12,11.140425531914893
2021-03-17 11:47:58.630595,mqtt,707,11,11.140226628895185
2021-03-17 11:47:58.739821,mqtt,708,10,11.138613861386139
2021-03-17 11:47:58.848610,mqtt,709,11,11.138418079096045
2021-03-17 11:47:58.958208,mqtt,710,11,11.138222849083215
2021-03-17 11:47:59.069316,mqtt,711,12,11.13943661971831
2021-03-17 11:47:59.179326,mqtt,712,11,11.139240506329115
2021-03-17 11:47:59.288938,mqtt,713,11,11.139044943820224
2021-03-17 11:47:59.399368,mqtt,714,11,11.138849929873773
2021-03-17 11:47:59.509280,mqtt,715,11,11.138655462184873
2021-03-17 11:47:59.618618,mqtt,716,12,11.13986013986014
2021-03-17 11:47:59.728464,mqtt,717,10,11.138268156424582
2021-03-17 11:47:59.837992,mqtt,718,11,11.138075313807532
2021-03-17 11:47:59.948848,mqtt,719,12,11.139275766016713
2021-03-17 11:48:00.058666,mqtt,720,11,11.139082058414465
2021-03-17 11:48:00.168922,mqtt,721,11,11.13888888888889
2021-03-17 11:48:00.279198,mqtt,722,11,11.13869625520111
2021-03-17 11:48:00.388726,mqtt,723,11,11.138504155124654
2021-03-17 11:48:00.499154,mqtt,724,11,11.138312586445366
2021-03-17 11:48:00.609137,mqtt,725,11,11.138121546961326
2021-03-17 11:48:00.719618,mqtt,726,12,11.139310344827587
2021-03-17 11:48:00.830063,mqtt,727,11,11.139118457300276
2021-03-17 11:48:00.940055,mqtt,728,11,11.138927097661623
2021-03-17 11:48:01.050278,mqtt,729,11,11.138736263736265
2021-03-17 11:48:01.160195,mqtt,730,11,11.138545953360769
2021-03-17 11:48:01.270650,mqtt,731,12,11.139726027397261
2021-03-17 11:48:01.380136,mqtt,732,10,11.138166894664844
2021-03-17 11:48:01.489618,mqtt,733,12,11.139344262295081
2021-03-17 11:48:01.599047,mqtt,734,11,11.139154160982265
2021-03-17 11:48:01.708407,mqtt,735,10,11.137602179836513
2021-03-17 11:48:01.818317,mqtt,736,11,11.137414965986395
2021-03-17 11:48:01.929011,mqtt,737,11,11.137228260869565
2021-03-17 11:48:02.039505,mqtt,738,12,11.138398914518318
2021-03-17 11:48:02.149950,mqtt,739,12,11.139566395663957
2021-03-17 11:48:02.258519,mqtt,740,11,11.139377537212448
2021-03-17 11:48:02.368719,mqtt,741,12,11.14054054054054
2021-03-17 11:48:02.478451,mqtt,742,11,11.140350877192983
2021-03-17 11:48:02.589829,mqtt,743,13,11.142857142857142
2021-03-17 11:48:02.700180,mqtt,744,11,11.142664872139973
2021-03-17 11:48:02.810433,mqtt,745,11,11.14247311827957
2021-03-17 11:48:02.919178,mqtt,746,10,11.140939597315436
2021-03-17 11:48:03.027773,mqtt,747,10,11.13941018766756
2021-03-17 11:48:03.138994,mqtt,748,11,11.139223560910308
2021-03-17 11:48:03.249057,mqtt,749,12,11.140374331550802
2021-03-17 11:48:03.358451,mqtt,750,10,11.138851802403204
2021-03-17 11:48:03.468728,mqtt,751,12,11.14
2021-03-17 11:48:03.577677,mqtt,752,11,11.139813581890813
2021-03-17 11:48:03.687319,mqtt,753,11,11.139627659574469
2021-03-17 11:48:03.799092,mqtt,754,12,11.140770252324037
2021-03-17 11:48:03.908429,mqtt,755,11,11.140583554376658
2021-03-17 11:48:04.018503,mqtt,756,12,11.141721854304636
2021-03-17 11:48:04.123737,mqtt,757,7,11.136243386243386
2021-03-17 11:48:04.232401,mqtt,758,10,11.134742404227213
2021-03-17 11:48:04.340940,mqtt,759,10,11.133245382585752
2021-03-17 11:48:04.451136,mqtt,760,11,11.133069828722002
2021-03-17 11:48:04.561054,mqtt,761,12,11.134210526315789
2021-03-17 11:48:04.669782,mqtt,762,11,11.134034165571617
2021-03-17 11:48:04.780048,mqtt,763,12,11.13517060367454
2021-03-17 11:48:04.893131,mqtt,764,11,11.134993446920053
2021-03-17 11:48:05.003477,mqtt,765,11,11.134816753926701
2021-03-17 11:48:05.113307,mqtt,766,11,11.134640522875817
2021-03-17 11:48:05.223017,mqtt,767,11,11.134464751958225
2021-03-17 11:48:05.332066,mqtt,768,10,11.132985658409387
2021-03-17 11:48:05.442186,mqtt,769,11,11.1328125
2021-03-17 11:48:05.552410,mqtt,770,11,11.132639791937581
2021-03-17 11:48:05.662270,mqtt,771,11,11.132467532467533
2021-03-17 11:48:05.772403,mqtt,772,11,11.132295719844358
2021-03-17 11:48:05.881732,mqtt,773,11,11.132124352331607
2021-03-17 11:48:05.991871,mqtt,774,12,11.133247089262614
2021-03-17 11:48:06.100592,mqtt,775,11,11.133074935400517
2021-03-17 11:48:06.210727,mqtt,776,12,11.134193548387097
2021-03-17 11:48:06.319751,mqtt,777,11,11.1340206185567
2021-03-17 11:48:06.429624,mqtt,778,12,11.135135135135135
2021-03-17 11:48:06.539449,mqtt,779,11,11.13496143958869
2021-03-17 11:48:06.649397,mqtt,780,10,11.133504492939666
2021-03-17 11:48:06.760211,mqtt,781,12,11.134615384615385
2021-03-17 11:48:06.870130,mqtt,782,12,11.135723431498079
2021-03-17 11:48:06.982155,mqtt,783,13,11.138107416879796
2021-03-17 11:48:07.091692,mqtt,784,12,11.139208173690932
2021-03-17 11:48:07.202316,mqtt,785,12,11.14030612244898
2021-03-17 11:48:07.312034,mqtt,786,11,11.140127388535031
2021-03-17 11:48:07.422529,mqtt,787,12,11.141221374045802
2021-03-17 11:48:07.532745,mqtt,788,12,11.142312579415503
2021-03-17 11:48:07.641686,mqtt,789,10,11.140862944162437
2021-03-17 11:48:07.751532,mqtt,790,11,11.140684410646388
2021-03-17 11:48:07.862372,mqtt,791,11,11.140506329113924
2021-03-17 11:48:07.973148,mqtt,792,12,11.141592920353983
2021-03-17 11:48:08.083174,mqtt,793,11,11.141414141414142
2021-03-17 11:48:08.192612,mqtt,794,11,11.141235813366961
2021-03-17 11:48:08.301264,mqtt,795,10,11.139798488664987
2021-03-17 11:48:08.411312,mqtt,796,11,11.139622641509433
2021-03-17 11:48:08.521188,mqtt,797,11,11.139447236180905
2021-03-17 11:48:08.632257,mqtt,798,12,11.140526976160603
2021-03-17 11:48:08.742338,mqtt,799,11,11.140350877192983
2021-03-17 11:48:08.852852,mqtt,800,12,11.14142678347935
2021-03-17 11:48:08.962322,mqtt,801,11,11.14125
2021-03-17 11:48:09.071452,mqtt,802,10,11.139825218476904
2021-03-17 11:48:09.181047,mqtt,803,11,11.139650872817954
2021-03-17 11:48:09.291237,mqtt,804,11,11.13947696139477
2021-03-17 11:48:09.400730,mqtt,805,11,11.139303482587065
2021-03-17 11:48:09.510504,mqtt,806,12,11.140372670807453
2021-03-17 11:48:09.620725,mqtt,807,12,11.141439205955335
2021-03-17 11:48:09.731252,mqtt,808,11,11.141263940520446
2021-03-17 11:48:09.841697,mqtt,809,13,11.143564356435643
2021-03-17 11:48:09.951380,mqtt,810,11,11.143386897404202
2021-03-17 11:48:10.060870,mqtt,811,11,11.14320987654321
2021-03-17 11:48:10.169076,mqtt,812,10,11.141800246609124
2021-03-17 11:48:10.279683,mqtt,813,12,11.142857142857142
2021-03-17 11:48:10.390617,mqtt,814,13,11.145141451414514
2021-03-17 11:48:10.499783,mqtt,815,11,11.144963144963144
2021-03-17 11:48:10.609805,mqtt,816,11,11.14478527607362
2021-03-17 11:48:10.719299,mqtt,817,10,11.143382352941176
2021-03-17 11:48:10.829249,mqtt,818,11,11.143206854345165
2021-03-17 11:48:10.938990,mqtt,819,11,11.143031784841076
2021-03-17 11:48:11.048988,mqtt,820,11,11.142857142857142
2021-03-17 11:48:11.159438,mqtt,821,11,11.142682926829268
2021-03-17 11:48:11.269411,mqtt,822,11,11.142509135200974
2021-03-17 11:48:11.378659,mqtt,823,11,11.142335766423358
2021-03-17 11:48:11.488690,mqtt,824,12,11.143377885783718
2021-03-17 11:48:11.598603,mqtt,825,12,11.144417475728156
2021-03-17 11:48:11.707427,mqtt,826,10,11.143030303030303
2021-03-17 11:48:11.817168,mqtt,827,11,11.142857142857142
2021-03-17 11:48:11.927125,mqtt,828,12,11.143893591293834
2021-03-17 11:48:12.037195,mqtt,829,12,11.144927536231885
2021-03-17 11:48:12.146499,mqtt,830,10,11.143546441495777
2021-03-17 11:48:12.255956,mqtt,831,11,11.143373493975904
2021-03-17 11:48:12.365880,mqtt,832,12,11.144404332129964
2021-03-17 11:48:12.475598,mqtt,833,11,11.14423076923077
2021-03-17 11:48:12.585733,mqtt,834,11,11.14405762304922
2021-03-17 11:48:12.696200,mqtt,835,11,11.143884892086332
2021-03-17 11:48:12.806629,mqtt,836,12,11.144910179640718
2021-03-17 11:48:12.917002,mqtt,837,12,11.145933014354068
2021-03-17 11:48:13.023493,mqtt,838,7,11.140979689366786
2021-03-17 11:48:13.132435,mqtt,839,10,11.13961813842482
2021-03-17 11:48:13.241845,mqtt,840,10,11.138259833134684
2021-03-17 11:48:13.352080,mqtt,841,11,11.138095238095238
2021-03-17 11:48:13.462933,mqtt,842,12,11.139120095124852
2021-03-17 11:48:13.572524,mqtt,843,12,11.140142517814727
2021-03-17 11:48:13.681410,mqtt,844,11,11.139976275207593
2021-03-17 11:48:13.791298,mqtt,845,11,11.139810426540285
2021-03-17 11:48:13.901488,mqtt,846,11,11.139644970414201
2021-03-17 11:48:14.010807,mqtt,847,11,11.139479905437351
2021-03-17 11:48:14.120576,mqtt,848,11,11.139315230224321
2021-03-17 11:48:14.226312,mqtt,849,7,11.13443396226415
2021-03-17 11:48:14.335404,mqtt,850,10,11.133097762073026
2021-03-17 11:48:14.447637,mqtt,851,14,11.136470588235294
2021-03-17 11:48:14.557331,mqtt,852,11,11.136310223266745
2021-03-17 11:48:14.666608,mqtt,853,11,11.136150234741784
2021-03-17 11:48:14.776514,mqtt,854,12,11.137162954279015
2021-03-17 11:48:14.887046,mqtt,855,12,11.13817330210773
2021-03-17 11:48:14.996366,mqtt,856,11,11.138011695906433
2021-03-17 11:48:15.105825,mqtt,857,12,11.139018691588785
2021-03-17 11:48:15.215906,mqtt,858,12,11.140023337222871
2021-03-17 11:48:15.325128,mqtt,859,10,11.13869463869464
2021-03-17 11:48:15.434762,mqtt,860,12,11.139697322467986
2021-03-17 11:48:15.545303,mqtt,861,11,11.13953488372093
2021-03-17 11:48:15.655086,mqtt,862,11,11.139372822299652
2021-03-17 11:48:15.765288,mqtt,863,11,11.139211136890951
2021-03-17 11:48:15.876595,mqtt,864,13,11.141367323290845
2021-03-17 11:48:15.986980,mqtt,865,12,11.14236111111111
2021-03-17 11:48:16.096750,mqtt,866,11,11.142196531791907
2021-03-17 11:48:16.208040,mqtt,867,12,11.143187066974596
2021-03-17 11:48:16.317885,mqtt,868,12,11.144175317185697
2021-03-17 11:48:16.427717,mqtt,869,11,11.144009216589861
2021-03-17 11:48:16.536054,mqtt,870,10,11.142692750287686
2021-03-17 11:48:16.645602,mqtt,871,12,11.14367816091954
2021-03-17 11:48:16.755289,mqtt,872,11,11.143513203214695
2021-03-17 11:48:16.863130,mqtt,873,9,11.14105504587156
2021-03-17 11:48:16.978441,mqtt,874,16,11.146620847651775
2021-03-17 11:48:17.088338,mqtt,875,11,11.14645308924485
2021-03-17 11:48:17.198329,mqtt,876,11,11.146285714285714
2021-03-17 11:48:17.306958,mqtt,877,10,11.144977168949772
2021-03-17 11:48:17.417419,mqtt,878,11,11.144811858608893
2021-03-17 11:48:17.526498,mqtt,879,10,11.143507972665148
2021-03-17 11:48:17.636643,mqtt,880,12,11.14448236632537
2021-03-17 11:48:17.746370,mqtt,881,11,11.144318181818182
2021-03-17 11:48:17.856623,mqtt,882,12,11.145289443813848
2021-03-17 11:48:17.965795,mqtt,883,10,11.143990929705215
2021-03-17 11:48:18.075940,mqtt,884,12,11.144960362400907
2021-03-17 11:48:18.186731,mqtt,885,13,11.147058823529411
2021-03-17 11:48:18.296463,mqtt,886,11,11.146892655367232
2021-03-17 11:48:18.406577,mqtt,887,12,11.147855530474041
2021-03-17 11:48:18.515826,mqtt,888,11,11.147688838782413
2021-03-17 11:48:18.625399,mqtt,889,10,11.146396396396396
2021-03-17 11:48:18.735878,mqtt,890,11,11.146231721034871
2021-03-17 11:48:18.844937,mqtt,891,10,11.14494382022472
2021-03-17 11:48:18.955730,mqtt,892,12,11.145903479236813
2021-03-17 11:48:19.063980,mqtt,893,10,11.144618834080717
2021-03-17 11:48:19.173843,mqtt,894,12,11.145576707726764
2021-03-17 11:48:19.282945,mqtt,895,11,11.145413870246085
2021-03-17 11:48:19.392748,mqtt,896,11,11.145251396648044
2021-03-17 11:48:19.504175,mqtt,897,13,11.147321428571429
2021-03-17 11:48:19.613794,mqtt,898,12,11.148272017837236
2021-03-17 11:48:19.723526,mqtt,899,12,11.149220489977727
2021-03-17 11:48:19.834011,mqtt,900,12,11.150166852057842
2021-03-17 11:48:19.944418,mqtt,901,11,11.15
2021-03-17 11:48:20.053820,mqtt,902,11,11.149833518312986
2021-03-17 11:48:20.163632,mqtt,903,12,11.150776053215077
2021-03-17 11:48:20.273657,mqtt,904,12,11.151716500553709
2021-03-17 11:48:20.383417,mqtt,905,11,11.151548672566372
2021-03-17 11:48:20.493053,mqtt,906,11,11.151381215469613
2021-03-17 11:48:20.602011,mqtt,907,11,11.15121412803532
2021-03-17 11:48:20.712030,mqtt,908,11,11.151047409040794
2021-03-17 11:48:20.822373,mqtt,909,11,11.150881057268723
2021-03-17 11:48:20.931215,mqtt,910,11,11.15071507150715
2021-03-17 11:48:21.040685,mqtt,911,12,11.151648351648351
2021-03-17 11:48:21.150974,mqtt,912,12,11.15257958287596
2021-03-17 11:48:21.262696,mqtt,913,13,11.154605263157896
2021-03-17 11:48:21.373194,mqtt,914,12,11.15553121577218
2021-03-17 11:48:21.482660,mqtt,915,11,11.155361050328228
2021-03-17 11:48:21.592003,mqtt,916,11,11.155191256830602
2021-03-17 11:48:21.701900,mqtt,917,11,11.155021834061136
2021-03-17 11:48:21.811759,mqtt,918,11,11.15485278080698
2021-03-17 11:48:21.923404,mqtt,919,11,11.154684095860567
2021-03-17 11:48:22.032839,mqtt,920,11,11.154515778019586
2021-03-17 11:48:22.143503,mqtt,921,11,11.154347826086957
2021-03-17 11:48:22.252927,mqtt,922,11,11.154180238870792
2021-03-17 11:48:22.363252,mqtt,923,12,11.155097613882864
2021-03-17 11:48:22.472257,mqtt,924,10,11.153846153846153
2021-03-17 11:48:22.581395,mqtt,925,9,11.151515151515152
2021-03-17 11:48:22.691721,mqtt,926,11,11.151351351351352
2021-03-17 11:48:22.801943,mqtt,927,11,11.151187904967603
2021-03-17 11:48:22.911352,mqtt,928,10,11.149946062567421
2021-03-17 11:48:23.022189,mqtt,929,12,11.150862068965518
2021-03-17 11:48:23.131513,mqtt,930,12,11.151776103336921
2021-03-17 11:48:23.242681,mqtt,931,12,11.15268817204301
2021-03-17 11:48:23.352072,mqtt,932,11,11.152524167561761
2021-03-17 11:48:23.462950,mqtt,933,12,11.15343347639485
2021-03-17 11:48:23.571293,mqtt,934,10,11.15219721329046
2021-03-17 11:48:23.681760,mqtt,935,12,11.153104925053533
2021-03-17 11:48:23.790998,mqtt,936,11,11.152941176470588
2021-03-17 11:48:23.900457,mqtt,937,11,11.152777777777779
2021-03-17 11:48:24.010514,mqtt,938,12,11.15368196371398
2021-03-17 11:48:24.120496,mqtt,939,11,11.153518123667377
2021-03-17 11:48:24.227033,mqtt,940,7,11.14909478168264
2021-03-17 11:48:24.336530,mqtt,941,12,11.15
2021-03-17 11:48:24.446427,mqtt,942,11,11.149840595111584
2021-03-17 11:48:24.556656,mqtt,943,12,11.150743099787686
2021-03-17 11:48:24.666787,mqtt,944,11,11.150583244962885
2021-03-17 11:48:24.776050,mqtt,945,10,11.149364406779661
2021-03-17 11:48:24.885416,mqtt,946,10,11.148148148148149
2021-03-17 11:48:24.995614,mqtt,947,11,11.14799154334038
2021-03-17 11:48:25.105374,mqtt,948,11,11.147835269271383
2021-03-17 11:48:25.214695,mqtt,949,11,11.147679324894515
2021-03-17 11:48:25.323871,mqtt,950,11,11.147523709167546
2021-03-17 11:48:25.433352,mqtt,951,11,11.147368421052631
2021-03-17 11:48:25.542715,mqtt,952,11,11.1472134595163
2021-03-17 11:48:25.652671,mqtt,953,12,11.14810924369748
2021-03-17 11:48:25.762415,mqtt,954,11,11.147953830010493
2021-03-17 11:48:25.872220,mqtt,955,11,11.147798742138365
2021-03-17 11:48:25.981867,mqtt,956,11,11.147643979057591
2021-03-17 11:48:26.092238,mqtt,957,11,11.147489539748953
2021-03-17 11:48:26.201450,mqtt,958,10,11.146290491118076
2021-03-17 11:48:26.309883,mqtt,959,10,11.14509394572025
2021-03-17 11:48:26.419230,mqtt,960,11,11.144942648592284
2021-03-17 11:48:26.529820,mqtt,961,12,11.145833333333334
2021-03-17 11:48:26.639618,mqtt,962,12,11.14672216441207
2021-03-17 11:48:26.749999,mqtt,963,12,11.147609147609147
2021-03-17 11:48:26.859649,mqtt,964,11,11.147455867082035
2021-03-17 11:48:26.973993,mqtt,965,15,11.151452282157676
2021-03-17 11:48:27.083957,mqtt,966,12,11.152331606217617
2021-03-17 11:48:27.194061,mqtt,967,12,11.153209109730849
2021-03-17 11:48:27.304444,mqtt,968,11,11.153050672182006
2021-03-17 11:48:27.413948,mqtt,969,12,11.15392561983471
2021-03-17 11:48:27.522423,mqtt,970,9,11.15170278637771
2021-03-17 11:48:27.632515,mqtt,971,12,11.152577319587628
2021-03-17 11:48:27.741675,mqtt,972,11,11.1524201853759
2021-03-17 11:48:27.852612,mqtt,973,13,11.154320987654321
2021-03-17 11:48:27.963342,mqtt,974,11,11.154162384378212
2021-03-17 11:48:28.073176,mqtt,975,11,11.154004106776181
2021-03-17 11:48:28.181512,mqtt,976,10,11.152820512820513
2021-03-17 11:48:28.291135,mqtt,977,10,11.151639344262295
2021-03-17 11:48:28.400919,mqtt,978,11,11.151484135107472
2021-03-17 11:48:28.514365,mqtt,979,14,11.15439672801636
2021-03-17 11:48:28.624932,mqtt,980,12,11.155260469867212
2021-03-17 11:48:28.734777,mqtt,981,11,11.155102040816326
2021-03-17 11:48:28.844365,mqtt,982,10,11.153924566768604
2021-03-17 11:48:28.954141,mqtt,983,11,11.15376782077393
2021-03-17 11:48:29.063809,mqtt,984,11,11.153611393692778
2021-03-17 11:48:29.175797,mqtt,985,14,11.15650406504065
2021-03-17 11:48:29.286393,mqtt,986,11,11.156345177664974
2021-03-17 11:48:29.396190,mqtt,987,11,11.156186612576064
2021-03-17 11:48:29.506302,mqtt,988,11,11.156028368794326
2021-03-17 11:48:29.616764,mqtt,989,12,11.156882591093117
2021-03-17 11:48:29.726778,mqtt,990,12,11.157735085945399
2021-03-17 11:48:29.836767,mqtt,991,12,11.158585858585859
2021-03-17 11:48:29.942123,mqtt,992,7,11.154389505549949
2021-03-17 11:48:30.052364,mqtt,993,11,11.154233870967742
2021-03-17 11:48:30.162364,mqtt,994,11,11.154078549848943
2021-03-17 11:48:30.273213,mqtt,995,13,11.155935613682093
2021-03-17 11:48:30.383256,mqtt,996,12,11.15678391959799
2021-03-17 11:48:30.491590,mqtt,997,10,11.155622489959839
2021-03-17 11:48:30.601367,mqtt,998,11,11.155466399197593
2021-03-17 11:48:30.710698,mqtt,999,11,11.155310621242485
2021-03-17 11:48:30.820245,mqtt,1000,11,11.155155155155155
2021-03-17 11:48:30.931115,mqtt,1001,11,11.155
2021-03-17 11:48:31.041154,mqtt,1002,12,11.155844155844155
2021-03-17 11:48:31.151730,mqtt,1003,13,11.157684630738522
2021-03-17 11:48:31.260446,mqtt,1004,10,11.156530408773678
2021-03-17 11:48:31.370544,mqtt,1005,12,11.157370517928287
2021-03-17 11:48:31.480811,mqtt,1006,12,11.15820895522388
2021-03-17 11:48:31.591257,mqtt,1007,12,11.159045725646124
2021-03-17 11:48:31.700896,mqtt,1008,12,11.159880834160873
2021-03-17 11:48:31.810780,mqtt,1009,12,11.160714285714286
2021-03-17 11:48:31.922350,mqtt,1010,13,11.162537165510406
2021-03-17 11:48:32.032137,mqtt,1011,12,11.163366336633663
2021-03-17 11:48:32.142589,mqtt,1012,12,11.164193867457962
2021-03-17 11:48:32.252398,mqtt,1013,11,11.16403162055336
2021-03-17 11:48:32.362321,mqtt,1014,11,11.163869693978283
2021-03-17 11:48:32.472251,mqtt,1015,11,11.16370808678501
2021-03-17 11:48:32.580691,mqtt,1016,10,11.16256157635468
2021-03-17 11:48:32.690872,mqtt,1017,11,11.16240157480315
2021-03-17 11:48:32.799199,mqtt,1018,10,11.16125860373648
2021-03-17 11:48:32.909921,mqtt,1019,12,11.162082514734774
2021-03-17 11:48:33.020079,mqtt,1020,11,11.161923454367027
2021-03-17 11:48:33.128053,mqtt,1021,10,11.16078431372549
2021-03-17 11:48:33.238921,mqtt,1022,11,11.160626836434869
2021-03-17 11:48:33.349312,mqtt,1023,12,11.161448140900196
2021-03-17 11:48:33.460008,mqtt,1024,12,11.162267839687194
2021-03-17 11:48:33.567992,mqtt,1025,10,11.1611328125
2021-03-17 11:48:33.678608,mqtt,1026,13,11.162926829268292
2021-03-17 11:48:33.789708,mqtt,1027,13,11.164717348927875
2021-03-17 11:48:33.898646,mqtt,1028,11,11.164556962025317
2021-03-17 11:48:34.009742,mqtt,1029,13,11.166342412451362
2021-03-17 11:48:34.120504,mqtt,1030,13,11.168124392614189
2021-03-17 11:48:34.229559,mqtt,1031,11,11.167961165048544
2021-03-17 11:48:34.338858,mqtt,1032,10,11.166828322017459
2021-03-17 11:48:34.448356,mqtt,1033,11,11.166666666666666
2021-03-17 11:48:34.558305,mqtt,1034,11,11.16650532429816
2021-03-17 11:48:34.668393,mqtt,1035,11,11.166344294003869
2021-03-17 11:48:34.778855,mqtt,1036,12,11.167149758454107
2021-03-17 11:48:34.888434,mqtt,1037,11,11.166988416988417
2021-03-17 11:48:34.997913,mqtt,1038,11,11.166827386692383
2021-03-17 11:48:35.108252,mqtt,1039,11,11.166666666666666
2021-03-17 11:48:35.217206,mqtt,1040,11,11.1665062560154
2021-03-17 11:48:35.327705,mqtt,1041,12,11.167307692307693
2021-03-17 11:48:35.437017,mqtt,1042,11,11.167146974063401
2021-03-17 11:48:35.547342,mqtt,1043,11,11.166986564299425
2021-03-17 11:48:35.657044,mqtt,1044,11,11.166826462128476
2021-03-17 11:48:35.766683,mqtt,1045,12,11.167624521072797
2021-03-17 11:48:35.877127,mqtt,1046,12,11.16842105263158
2021-03-17 11:48:35.986350,mqtt,1047,10,11.167304015296367
2021-03-17 11:48:36.096390,mqtt,1048,11,11.167144221585483
2021-03-17 11:48:36.202564,mqtt,1049,8,11.164122137404581
2021-03-17 11:48:36.312266,mqtt,1050,11,11.163965681601525
2021-03-17 11:48:36.422932,mqtt,1051,12,11.164761904761905
2021-03-17 11:48:36.533959,mqtt,1052,12,11.165556612749763
2021-03-17 11:48:36.643670,mqtt,1053,11,11.165399239543726
2021-03-17 11:48:36.752414,mqtt,1054,10,11.164292497625832
2021-03-17 11:48:36.862731,mqtt,1055,12,11.165085388994308
2021-03-17 11:48:36.973617,mqtt,1056,13,11.166824644549763
2021-03-17 11:48:37.085919,mqtt,1057,13,11.168560606060606
2021-03-17 11:48:37.195158,mqtt,1058,11,11.168401135288553
2021-03-17 11:48:37.306585,mqtt,1059,12,11.169187145557656
2021-03-17 11:48:37.417911,mqtt,1060,13,11.170915958451369
2021-03-17 11:48:37.527262,mqtt,1061,11,11.170754716981133
2021-03-17 11:48:37.637443,mqtt,1062,11,11.170593779453347
2021-03-17 11:48:37.747992,mqtt,1063,11,11.170433145009417
2021-03-17 11:48:37.858703,mqtt,1064,12,11.171213546566321
2021-03-17 11:48:37.968885,mqtt,1065,12,11.171992481203008
2021-03-17 11:48:38.079069,mqtt,1066,11,11.171830985915493
2021-03-17 11:48:38.190153,mqtt,1067,12,11.172607879924954
2021-03-17 11:48:38.300238,mqtt,1068,11,11.17244611059044
2021-03-17 11:48:38.411069,mqtt,1069,12,11.173220973782772
2021-03-17 11:48:38.521758,mqtt,1070,12,11.17399438727783
2021-03-17 11:48:38.633120,mqtt,1071,13,11.175700934579439
2021-03-17 11:48:38.741260,mqtt,1072,10,11.174603174603174
2021-03-17 11:48:38.851098,mqtt,1073,11,11.174440298507463
2021-03-17 11:48:38.962707,mqtt,1074,13,11.17614165890028
2021-03-17 11:48:39.072753,mqtt,1075,12,11.176908752327746
2021-03-17 11:48:39.183320,mqtt,1076,11,11.17674418604651
2021-03-17 11:48:39.293313,mqtt,1077,11,11.176579925650557
2021-03-17 11:48:39.402824,mqtt,1078,11,11.176415970287836
2021-03-17 11:48:39.512880,mqtt,1079,12,11.177179962894249
2021-03-17 11:48:39.624073,mqtt,1080,12,11.177942539388322
2021-03-17 11:48:39.734160,mqtt,1081,12,11.178703703703704
2021-03-17 11:48:39.841457,mqtt,1082,8,11.175763182238668
2021-03-17 11:48:39.951536,mqtt,1083,12,11.17652495378928
2021-03-17 11:48:40.061606,mqtt,1084,12,11.177285318559557
2021-03-17 11:48:40.172486,mqtt,1085,11,11.177121771217712
2021-03-17 11:48:40.282412,mqtt,1086,11,11.176958525345622
2021-03-17 11:48:40.392780,mqtt,1087,12,11.177716390423573
2021-03-17 11:48:40.502459,mqtt,1088,10,11.176632934682612
2021-03-17 11:48:40.611324,mqtt,1089,10,11.175551470588236
2021-03-17 11:48:40.721760,mqtt,1090,12,11.176308539944904
2021-03-17 11:48:40.831021,mqtt,1091,11,11.176146788990826
2021-03-17 11:48:40.939954,mqtt,1092,10,11.17506874427131
2021-03-17 11:48:41.050271,mqtt,1093,11,11.174908424908425
2021-03-17 11:48:41.159930,mqtt,1094,11,11.174748398902103
2021-03-17 11:48:41.270195,mqtt,1095,11,11.174588665447898
2021-03-17 11:48:41.379613,mqtt,1096,11,11.174429223744292
2021-03-17 11:48:41.489790,mqtt,1097,12,11.175182481751825
2021-03-17 11:48:41.600116,mqtt,1098,11,11.175022789425707
2021-03-17 11:48:41.710458,mqtt,1099,12,11.175774134790528
2021-03-17 11:48:41.820636,mqtt,1100,12,11.176524112829846
2021-03-17 11:48:41.929811,mqtt,1101,12,11.177272727272728
2021-03-17 11:48:42.040071,mqtt,1102,11,11.177111716621253
2021-03-17 11:48:42.150016,mqtt,1103,11,11.176950998185118
2021-03-17 11:48:42.261771,mqtt,1104,13,11.178603807796918
2021-03-17 11:48:42.371007,mqtt,1105,11,11.178442028985508
2021-03-17 11:48:42.481328,mqtt,1106,11,11.178280542986425
2021-03-17 11:48:42.590479,mqtt,1107,10,11.177215189873417
2021-03-17 11:48:42.702705,mqtt,1108,12,11.177958446251129
2021-03-17 11:48:42.812821,mqtt,1109,12,11.178700361010831
2021-03-17 11:48:42.922888,mqtt,1110,11,11.1785392245266
2021-03-17 11:48:43.032306,mqtt,1111,10,11.177477477477478
2021-03-17 11:48:43.142693,mqtt,1112,12,11.178217821782178
2021-03-17 11:48:43.250898,mqtt,1113,10,11.177158273381295
2021-03-17 11:48:43.361704,mqtt,1114,12,11.177897574123989
2021-03-17 11:48:43.473819,mqtt,1115,13,11.179533213644524
2021-03-17 11:48:43.582207,mqtt,1116,10,11.17847533632287
2021-03-17 11:48:43.691419,mqtt,1117,10,11.17741935483871
2021-03-17 11:48:43.801780,mqtt,1118,12,11.178155774395703
2021-03-17 11:48:43.911475,mqtt,1119,11,11.177996422182469
2021-03-17 11:48:44.021835,mqtt,1120,12,11.178731009830205
2021-03-17 11:48:44.132350,mqtt,1121,11,11.178571428571429
2021-03-17 11:48:44.241488,mqtt,1122,10,11.177520071364853
2021-03-17 11:48:44.348320,mqtt,1123,8,11.174688057040997
2021-03-17 11:48:44.458615,mqtt,1124,12,11.175422974176314
2021-03-17 11:48:44.569290,mqtt,1125,12,11.176156583629894
2021-03-17 11:48:44.678460,mqtt,1126,10,11.17511111111111
2021-03-17 11:48:44.788269,mqtt,1127,11,11.174955595026644
2021-03-17 11:48:44.898301,mqtt,1128,11,11.174800354924578
2021-03-17 11:48:45.007904,mqtt,1129,11,11.174645390070921
2021-03-17 11:48:45.117690,mqtt,1130,11,11.174490699734278
2021-03-17 11:48:45.228133,mqtt,1131,11,11.174336283185841
2021-03-17 11:48:45.336994,mqtt,1132,10,11.173297966401414
2021-03-17 11:48:45.447016,mqtt,1133,12,11.174028268551236
2021-03-17 11:48:45.556079,mqtt,1134,11,11.1738746690203
2021-03-17 11:48:45.665985,mqtt,1135,12,11.174603174603174
2021-03-17 11:48:45.776882,mqtt,1136,13,11.176211453744493
2021-03-17 11:48:45.886694,mqtt,1137,12,11.17693661971831
2021-03-17 11:48:45.993976,mqtt,1138,9,11.175021987686895
2021-03-17 11:48:46.103699,mqtt,1139,12,11.175746924428822
